experiment,ndcg10_mean,ndcg10_std,recall10_mean,recall10_std,mrr10_mean,mrr10_std,overruns_per_1k_mean,overruns_per_1k_std,unauthorized_mean,budget_utilization_mean,eligible_silos_end_mean,lat_mean_ms,lat_p95_mean,lat_p95_std,lat_p99_mean
E1_FixedHybrid,0.44579043992258516,0.010496217771837686,0.5793169896204996,0.010137713732836312,0.4585396825396826,0.015348840656392691,0.0,0.0,0.0,,4.0,0.0007463452474262051,0.0009948667146394046,0.0001742010839327719,0.0012549333049112945
E2_RRF,0.429592897923791,0.008685633469034103,0.5613747417125738,0.013189212359754975,0.4466438746438746,0.0031228911020842512,0.0,0.0,0.0,,4.0,0.10149258636158326,0.17957663333921392,0.05948376391229136,0.25617798004077447
E3_HardRouter,0.39210409834696663,0.006414812749070304,0.5118054760817358,0.012256827301702947,0.41308221408221407,0.009726080670212587,0.0,0.0,0.0,,4.0,0.5050820575068165,0.6700534000250017,0.11110461830433642,1.0382016866287807
E4_CASR,0.46456228915131925,0.011047834576497752,0.5933592871248661,0.00695965044335775,0.4769759869759869,0.013975747792012652,0.0,0.0,0.0,,4.0,2.096683360851341,2.6922214667327657,0.22304009987234918,3.177287539964103
E5_StaticPrivacy,0.44579043992258516,0.010496217771837686,0.5793169896204996,0.010137713732836312,0.4585396825396826,0.015348840656392691,846.1696446909017,0.35573029524936345,1373.3333333333333,1.0,0.0,0.0015696325739364813,0.0018246666968479983,0.0006039651639222518,0.002169826617925233
E6_PASR_eps0.1,0.3727896856175996,0.010728257521688562,0.49626167727746634,0.009412442133089083,0.3888722018722019,0.010583538664285281,0.0,0.0,0.0,0.5539873635985991,0.0,0.020838013350979807,0.0009776667032686717,0.00020977381394350224,0.015605399986876739
E7_PASR_eps0.5,0.37938101581399336,0.011476385144506454,0.5006792103754469,0.010101424734013055,0.3959023199023199,0.007915085674730505,0.0,0.0,0.0,0.9234457964727435,0.0,0.17113107927760865,2.1438391999254236,0.38597495761267625,2.5335805466844854
E8_PASR_eps1.0,0.38291925477740657,0.010638327180950017,0.500172670961326,0.010460431545021753,0.39962189662189657,0.0051973150556243715,0.0,0.0,0.0,0.9575176442444259,0.0,0.3549055703411685,2.3095972000495135,0.43103747506582457,2.8052463000525063
E9_PASR_eps2.0,0.39741459462749423,0.005951754184281722,0.516650762118081,0.007679854665746186,0.41012779812779815,0.004428192241018504,0.0,0.0,0.0,0.9796477614127114,0.0,0.6811856157325084,2.4501706665887464,0.4248060314168786,3.117523379957371
E10_Oracle,0.531410516381801,0.011875187951702683,0.6542161699401219,0.01196308053264765,0.5593223443223444,0.009527428869889387,0.0,0.0,0.0,,4.0,0.004732535018437075,0.0055621999232850295,0.0002572445580230366,0.010919520045717925
