experiment,seed,ndcg10,recall10,mrr10,n_test_queries,n_served,lat_mean_ms,lat_p95_ms,lat_p99_ms,total_overruns,overruns_per_1k,unauthorized_violations,budget_utilization,eligible_silos_end
E1_FixedHybrid,42,0.4461582060243652,0.5744557969414139,0.4553235653235653,325,1623,0.0009087523106117172,0.001185900066502654,0.0014266000084717228,0,0.0,0,,4
E2_RRF,42,0.42548557234229106,0.5474668398650001,0.44793162393162395,325,1623,0.13978709365263794,0.24823869996453113,0.3797620800014547,0,0.0,0,,4
E3_HardRouter,42,0.38744209620042025,0.502099580799272,0.4028009768009768,325,1623,0.5742669895259361,0.7845672000939876,1.4558369999531346,0,0.0,0,,4
E4_CASR,42,0.46675243770481634,0.5923949781924871,0.47369108669108667,325,1623,2.0921778681423397,2.6263091000032546,3.1600531999538357,0,0.0,0,,4
E5_StaticPrivacy,42,0.4461582060243652,0.5744557969414139,0.4553235653235653,325,1623,0.00123419470210939,0.0014339000699692404,0.0016241600542343797,1373,845.9642637091805,1373,1.0,0
E6_PASR_eps0.1,42,0.3681326912306861,0.4913531330837951,0.378008547008547,325,1623,0.018982139250175847,0.000862399974721483,0.015248280064951962,0,0.0,0,0.5386335841267504,0
E7_PASR_eps0.5,42,0.3797822552779326,0.4966944160614128,0.389992673992674,325,1623,0.15679754898120726,1.922611299892196,2.4057306200575113,0,0.0,0,0.9213162692709964,0
E8_PASR_eps1.0,42,0.3838894863544677,0.4975354710487888,0.395026862026862,325,1623,0.3221133197784342,2.0707569000705917,2.5744318599709,0,0.0,0,0.9567123667469303,0
E9_PASR_eps2.0,42,0.4040529564090179,0.5187549667333633,0.40790476190476194,325,1623,0.6391724195909706,2.188384699911694,2.8812580800286014,0,0.0,0,0.9803734688671691,0
E10_Oracle,42,0.538934586869553,0.6679083537398753,0.5600366300366301,325,1623,0.004581136786162677,0.005444799944598342,0.009292720037592505,0,0.0,0,,4
E1_FixedHybrid,43,0.43511517237847275,0.5909698331933116,0.4450537240537241,325,1623,0.0006438656825436613,0.0008447999562122274,0.0011133399993923376,0,0.0,0,,4
E2_RRF,43,0.42372269573688826,0.5629543999089962,0.4430830280830281,325,1623,0.08216024522695131,0.14367759995366197,0.18507918001887438,0,0.0,0,,4
E3_HardRouter,43,0.3894502097930934,0.5077378568644011,0.42213675213675217,325,1623,0.47899089340649936,0.6628881999404257,0.8347405800395783,0,0.0,0,,4
E4_CASR,43,0.4525834156383265,0.6007508059254882,0.4649352869352869,325,1623,2.160465935303818,2.9407897000510275,3.371950299952004,0,0.0,0,,4
E5_StaticPrivacy,43,0.43511517237847275,0.5909698331933116,0.4450537240537241,325,1623,0.002201193469915885,0.002520299949537729,0.0030962998471295556,1373,845.9642637091805,1373,1.0,0
E6_PASR_eps0.1,43,0.36517686439185965,0.49031810963227107,0.3894566544566545,325,1623,0.023920277878297112,0.0012198000376884008,0.016788959878795136,0,0.0,0,0.5365557505548192,0
E7_PASR_eps0.5,43,0.36770927272140724,0.4931779337249719,0.3928192918192918,325,1623,0.2048357658677347,2.5895207999610648,3.0423890600059162,0,0.0,0,0.9234296790881318,0
E8_PASR_eps1.0,43,0.371829046192295,0.4912832098590941,0.39857631257631254,325,1623,0.42262845902453133,2.807183699997039,3.247422800041021,0,0.0,0,0.9569953068521999,0
E9_PASR_eps2.0,43,0.39255512398693876,0.5230591832431324,0.41522710622710624,325,1623,0.7573270782522102,2.940314599914018,3.739492499885273,0,0.0,0,0.9790589476718354,0
E10_Oracle,43,0.5177206736579338,0.6457862936717346,0.5494578754578755,325,1623,0.004606669746669299,0.005384599899116437,0.009451000073568135,0,0.0,0,,4
E1_FixedHybrid,44,0.45609794136491755,0.5725253387267734,0.47524175824175824,325,1623,0.0006864177491232368,0.0009539001212033326,0.001224859906869823,0,0.0,0,,4
E2_RRF,44,0.4395704256921938,0.5737029853637253,0.44891697191697194,325,1623,0.0825304202051605,0.14681360009944872,0.2036926801019942,0,0.0,0,,4
E3_HardRouter,44,0.39941998904738635,0.5255789905815341,0.4143089133089133,325,1623,0.4619882895880139,0.5627048000405916,0.8240274798936288,0,0.0,0,,4
E4_CASR,44,0.47435101411081493,0.5869320772566229,0.4923015873015873,325,1623,2.0374062791078655,2.5095656001440148,2.9998591199864677,0,0.0,0,,4
E5_StaticPrivacy,44,0.45609794136491755,0.5725253387267734,0.47524175824175824,325,1623,0.001273509549784169,0.001519800071037025,0.0017890199524117632,1374,846.5804066543438,1374,1.0,0
E6_PASR_eps0.1,44,0.385059501230253,0.5071137891163328,0.39915140415140415,325,1623,0.019611622924466467,0.0008508000973961313,0.014778960016883117,0,0.0,0,0.586772756114228,0
E7_PASR_eps0.5,44,0.39065151944264026,0.5121652813399561,0.40489499389499384,325,1623,0.151759922983884,1.9193854999230098,2.1526219599900283,0,0.0,0,0.9255914410591024,0
E8_PASR_eps1.0,44,0.3930392317854571,0.5116993319760949,0.4052625152625153,325,1623,0.3199749322205398,2.0508510000809106,2.5938842401455986,0,0.0,0,0.9588452591341472,0
E9_PASR_eps2.0,44,0.395635703486526,0.5081381363777476,0.4072515262515262,325,1623,0.6470573493543443,2.221812699940527,2.731819559958239,0,0.0,0,0.9795108676991295,0
E10_Oracle,44,0.5375762886179163,0.6489538624087556,0.5684725274725275,325,1623,0.005009798522479251,0.00585719992614031,0.014014840025993132,0,0.0,0,,4
