experiment,seed,silo,ndcg10,recall10,mrr10,n
E1_FixedHybrid,42,S1,0.6760585206278076,0.8203125,0.6308159722222222,64
E1_FixedHybrid,42,S2,0.35263879170121465,0.20821783524123916,0.5050010175010176,78
E1_FixedHybrid,42,S3,0.3562960982946396,0.7391304347826086,0.23583937198067634,92
E1_FixedHybrid,42,S4,0.45547917408722427,0.5489795918367347,0.5112157683586255,91
E2_RRF,42,S1,0.6507825281396544,0.7838541666666666,0.6152529761904761,64
E2_RRF,42,S2,0.38530910070607255,0.2259836276426284,0.5738247863247864,78
E2_RRF,42,S3,0.36611617728976403,0.7717391304347826,0.23885006901311248,92
E2_RRF,42,S4,0.36149374774257986,0.43003663003663,0.43372579801151223,91
E3_HardRouter,42,S1,0.6352439423552807,0.7786458333333334,0.5990451388888889,64
E3_HardRouter,42,S2,0.3717696973580254,0.21897413855618494,0.563405575905576,78
E3_HardRouter,42,S3,0.343693722831599,0.717391304347826,0.22561680469289164,92
E3_HardRouter,42,S4,0.2708264841754453,0.3326268969126112,0.3062532705389848,91
E4_CASR,42,S1,0.69154025032325,0.8098958333333334,0.6608258928571429,64
E4_CASR,42,S2,0.39018569520887364,0.23565062647358018,0.5390618640618642,78
E4_CASR,42,S3,0.39042155942849177,0.7934782608695652,0.2624913733609386,92
E4_CASR,42,S4,0.45145822571059263,0.5419152276295133,0.4995682888540032,91
E5_StaticPrivacy,42,S1,0.6760585206278076,0.8203125,0.6308159722222222,64
E5_StaticPrivacy,42,S2,0.35263879170121465,0.20821783524123916,0.5050010175010176,78
E5_StaticPrivacy,42,S3,0.3562960982946396,0.7391304347826086,0.23583937198067634,92
E5_StaticPrivacy,42,S4,0.45547917408722427,0.5489795918367347,0.5112157683586255,91
E6_PASR_eps0.1,42,S1,0.6359286884621378,0.7786458333333334,0.5998263888888888,64
E6_PASR_eps0.1,42,S2,0.36076649465638,0.21613866501642306,0.5483414733414733,78
E6_PASR_eps0.1,42,S3,0.33840164998907957,0.717391304347826,0.2193969979296066,92
E6_PASR_eps0.1,42,S4,0.21616428798025478,0.29667713239141813,0.2363596720739578,91
E7_PASR_eps0.5,42,S1,0.6359286884621378,0.7786458333333334,0.5998263888888888,64
E7_PASR_eps0.5,42,S2,0.37325939358357363,0.21702648938897554,0.5585978835978836,78
E7_PASR_eps0.5,42,S3,0.3456602775139849,0.717391304347826,0.2280365769496204,92
E7_PASR_eps0.5,42,S4,0.23972328212028446,0.31499215070643644,0.26163439734868305,91
E8_PASR_eps1.0,42,S1,0.6450840302369891,0.7786458333333334,0.6107638888888889,64
E8_PASR_eps1.0,42,S2,0.37870711644788596,0.22144663608546006,0.5600223850223851,78
E8_PASR_eps1.0,42,S3,0.3451614923035387,0.717391304347826,0.2275836783988958,92
E8_PASR_eps1.0,42,S4,0.24378783247443978,0.3142072213500785,0.2711582068724926,91
E9_PASR_eps2.0,42,S1,0.6570019965736122,0.7786458333333334,0.6250868055555555,64
E9_PASR_eps2.0,42,S2,0.3891426996602257,0.22652786810452072,0.5524928774928776,78
E9_PASR_eps2.0,42,S3,0.3492293930898427,0.717391304347826,0.23255262249827466,92
E9_PASR_eps2.0,42,S4,0.29436097048853277,0.3856357927786499,0.3085077620791907,91
E10_Oracle,42,S1,0.7851019728098025,0.9140625,0.7455047123015873,64
E10_Oracle,42,S2,0.42892987648707565,0.24503938600405945,0.6367317867317868,78
E10_Oracle,42,S3,0.47877934475916417,0.9239130434782609,0.333950138026225,92
E10_Oracle,42,S4,0.520911916362004,0.5984301412872842,0.5924297924297924,91
E1_FixedHybrid,43,S1,0.6850315098951956,0.8571428571428571,0.6335742630385487,56
E1_FixedHybrid,43,S2,0.3502925649277726,0.17035152148637278,0.5355654761904762,64
E1_FixedHybrid,43,S3,0.3879401511438528,0.8301886792452831,0.24984276729559746,106
E1_FixedHybrid,43,S4,0.3990938009317865,0.45618887285553944,0.4889169472502805,99
E2_RRF,43,S1,0.6837179762770154,0.7857142857142857,0.6525793650793651,56
E2_RRF,43,S2,0.35578238181696087,0.16123917116485603,0.5801339285714286,64
E2_RRF,43,S3,0.3925267939357746,0.8207547169811321,0.2571278825995807,106
E2_RRF,43,S4,0.3539773419141232,0.4206148789482123,0.4350849767516435,99
E3_HardRouter,43,S1,0.6699789614617531,0.8035714285714286,0.628514739229025,56
E3_HardRouter,43,S2,0.33121135933148826,0.14274742542128238,0.5742621527777778,64
E3_HardRouter,43,S3,0.3573936495546949,0.7452830188679245,0.2350029949086553,106
E3_HardRouter,43,S4,0.3027398231402453,0.32200978034311367,0.4074194324194324,99
E4_CASR,43,S1,0.68891424698721,0.8214285714285714,0.644047619047619,56
E4_CASR,43,S2,0.3562622622288737,0.16598406530862364,0.5571366567460317,64
E4_CASR,43,S3,0.42301472878563706,0.8679245283018868,0.2819669062593591,106
E4_CASR,43,S4,0.41282895168936284,0.47091951258617926,0.4999198332531666,99
E5_StaticPrivacy,43,S1,0.6850315098951956,0.8571428571428571,0.6335742630385487,56
E5_StaticPrivacy,43,S2,0.3502925649277726,0.17035152148637278,0.5355654761904762,64
E5_StaticPrivacy,43,S3,0.3879401511438528,0.8301886792452831,0.24984276729559746,106
E5_StaticPrivacy,43,S4,0.3990938009317865,0.45618887285553944,0.4889169472502805,99
E6_PASR_eps0.1,43,S1,0.665302898834201,0.7857142857142857,0.628514739229025,56
E6_PASR_eps0.1,43,S2,0.3281804029913367,0.1407833072224081,0.5736111111111111,64
E6_PASR_eps0.1,43,S3,0.3527980180388507,0.7358490566037735,0.231858340820605,106
E6_PASR_eps0.1,43,S4,0.2325796251421758,0.286295494628828,0.30392416225749563,99
E7_PASR_eps0.5,43,S1,0.6682633527775659,0.7946428571428571,0.6279195011337867,56
E7_PASR_eps0.5,43,S2,0.3271073722375359,0.1409829347764877,0.5749131944444444,64
E7_PASR_eps0.5,43,S3,0.3518754899169955,0.7358490566037735,0.23091494459418987,106
E7_PASR_eps0.5,43,S4,0.24089992044959457,0.29050424883758214,0.3154681738015071,99
E8_PASR_eps1.0,43,S1,0.6722631122031013,0.7857142857142857,0.6357568027210885,56
E8_PASR_eps1.0,43,S2,0.3288093305420175,0.14242899847841078,0.5671006944444444,64
E8_PASR_eps1.0,43,S3,0.34928957876980216,0.7264150943396226,0.2302747828691225,106
E8_PASR_eps1.0,43,S4,0.25383043661448557,0.2985008818342152,0.3356701940035274,99
E9_PASR_eps2.0,43,S1,0.6934139912651133,0.8214285714285714,0.6516581632653061,56
E9_PASR_eps2.0,43,S2,0.3309760301263522,0.14754136331922976,0.5644965277777778,64
E9_PASR_eps2.0,43,S3,0.37274273059002405,0.7735849056603774,0.24598682240191674,106
E9_PASR_eps2.0,43,S4,0.2833943072149462,0.32880391213724547,0.36619769119769124,99
E10_Oracle,43,S1,0.7781629659835217,0.8928571428571429,0.7498724489795918,56
E10_Oracle,43,S2,0.41185232241117253,0.1919269253295549,0.6467881944444445,64
E10_Oracle,43,S3,0.48739110793261037,0.9150943396226415,0.3467168313866427,106
E10_Oracle,43,S4,0.47131400776342963,0.5110830527497194,0.5902477152477152,99
E1_FixedHybrid,44,S1,0.765314029048724,0.8704918032786886,0.737887067395264,61
E1_FixedHybrid,44,S2,0.38326677584494734,0.18060753601176213,0.5585097001763668,63
E1_FixedHybrid,44,S3,0.3786036651114404,0.7722772277227723,0.254050762219079,101
E1_FixedHybrid,44,S4,0.3916289811713888,0.43592460317460324,0.4859722222222223,100
E2_RRF,44,S1,0.7374300462327906,0.8437158469945355,0.7146370023419204,61
E2_RRF,44,S2,0.38470743972140325,0.1837537478766126,0.5524376417233561,63
E2_RRF,44,S3,0.3896380789026945,0.8118811881188119,0.25653779663680654,101
E2_RRF,44,S4,0.3428714085814218,0.4141031746031746,0.41591269841269835,100
E3_HardRouter,44,S1,0.7377090393130914,0.8316939890710383,0.7271142336716108,61
E3_HardRouter,44,S2,0.3504395034893912,0.1731682620702727,0.5384038800705467,63
E3_HardRouter,44,S3,0.36334717560573093,0.7623762376237624,0.23726622662266225,101
E3_HardRouter,44,S4,0.26035491586291515,0.32170238095238096,0.32413095238095235,100
E4_CASR,44,S1,0.7636036938203233,0.8486338797814208,0.7450819672131148,61
E4_CASR,44,S2,0.3828020680223119,0.17417719370857987,0.5608465608465609,63
E4_CASR,44,S3,0.40987163393243203,0.801980198019802,0.28277934936350774,101
E4_CASR,44,S4,0.4207068895039384,0.4701309523809523,0.5065396825396825,100
E5_StaticPrivacy,44,S1,0.765314029048724,0.8704918032786886,0.737887067395264,61
E5_StaticPrivacy,44,S2,0.38326677584494734,0.18060753601176213,0.5585097001763668,63
E5_StaticPrivacy,44,S3,0.3786036651114404,0.7722772277227723,0.254050762219079,101
E5_StaticPrivacy,44,S4,0.3916289811713888,0.43592460317460324,0.4859722222222223,100
E6_PASR_eps0.1,44,S1,0.7306487678692652,0.8153005464480875,0.723015873015873,61
E6_PASR_eps0.1,44,S2,0.3542866515922391,0.16814180704381768,0.5643298059964726,63
E6_PASR_eps0.1,44,S3,0.36387707138693093,0.7623762376237624,0.23783199748546283,101
E6_PASR_eps0.1,44,S4,0.21503119799415946,0.27485714285714286,0.2604642857142857,100
E7_PASR_eps0.5,44,S1,0.7418215841403695,0.8207650273224043,0.7339448347645069,61
E7_PASR_eps0.5,44,S2,0.3563710259579353,0.1690688171921393,0.5643298059964726,63
E7_PASR_eps0.5,44,S3,0.3696900021070558,0.7722772277227723,0.24228744303001723,101
E7_PASR_eps0.5,44,S4,0.21920562338132982,0.27735714285714286,0.2679642857142857,100
E8_PASR_eps1.0,44,S1,0.748869299223472,0.8207650273224043,0.7421415560759823,61
E8_PASR_eps1.0,44,S2,0.3587059378032937,0.1666651101563474,0.5542768959435624,63
E8_PASR_eps1.0,44,S3,0.36555635431140177,0.7623762376237624,0.239977212006915,101
E8_PASR_eps1.0,44,S4,0.2253705721058269,0.28735714285714287,0.27282539682539686,100
E9_PASR_eps2.0,44,S1,0.7472267711177845,0.8076502732240437,0.7408925318761385,61
E9_PASR_eps2.0,44,S2,0.36345101854081335,0.16968464155565174,0.5595679012345678,63
E9_PASR_eps2.0,44,S3,0.369698679534607,0.7524752475247525,0.24746188904604746,101
E9_PASR_eps2.0,44,S4,0.2276378979386955,0.29188095238095235,0.26915873015873015,100
E10_Oracle,44,S1,0.8513712933433993,0.9393442622950819,0.8316939890710383,61
E10_Oracle,44,S2,0.44202248136712907,0.21388393369092287,0.6512345679012345,63
E10_Oracle,44,S3,0.4714122153208274,0.8811881188118812,0.33646471790036153,101
E10_Oracle,44,S4,0.4731859483334274,0.5113531746031746,0.5900952380952381,100
