model,held_out,best_fixed,best_fixed_ndcg,router_ndcg,diff,ci_lo,ci_hi,significant
MiniLM-L6,scifact,Hybrid,0.7141203689752332,0.7037836073556845,-0.010336761619548773,-0.02567032160531645,0.004662871740113944,False
MiniLM-L6,nfcorpus,Rerank,0.35344579666402076,0.3529718738765532,-0.0004739227874675511,-0.007320194061137333,0.00647864529436485,False
MiniLM-L6,arguana,Hybrid,0.5344762694614063,0.5344762694614063,0.0,0.0,0.0,False
MiniLM-L6,fiqa,Hybrid,0.3927630642977528,0.39581018386010214,0.003047119562349321,-0.010320023129073121,0.016755034223418126,False
mpnet-base,scifact,Hybrid,0.7244645619285212,0.7130040914718895,-0.011460470456631677,-0.021878899739494827,-0.0019841250446240317,False
mpnet-base,nfcorpus,Hybrid,0.3627877465960036,0.364058770235602,0.001271023639598412,-0.0095951464857077,0.01244846284982306,False
mpnet-base,arguana,Hybrid,0.5360392072355387,0.5333186596607604,-0.0027205475747782426,-0.009690536020228301,0.00415388184254232,False
mpnet-base,fiqa,Dense,0.4926685805790458,0.46639684851051877,-0.02627173206852701,-0.0431113160138238,-0.009879270654195324,False
bge-small,scifact,Hybrid,0.7280877735089415,0.7283302147883146,0.00024244127937311788,-0.017558070534434592,0.016108026328612426,False
bge-small,nfcorpus,Hybrid,0.36024662081432113,0.3611492558981891,0.0009026350838679531,-0.0076353060788452954,0.0076168011294888965,False
bge-small,arguana,Dense,0.6065785652628265,0.5999354847347331,-0.00664308052809337,-0.021044687845105107,0.007974427530072223,False
bge-small,fiqa,Dense,0.391261788248632,0.3881152238737279,-0.003146564374904126,-0.01444703698326191,0.008374664931184581,False
