model,dataset,best_fixed,best_fixed_ndcg,learned_ndcg,diff,ci_lo,ci_hi,significant,oracle_ndcg,oracle_gap_closed,min_cost_to_match
MiniLM-L6,scifact,Hybrid,0.7141203689752332,0.7111875524341885,-0.002932816541044714,-0.02290034653015002,0.018050459823140293,False,0.7751947718906229,-0.04802038826491246,
MiniLM-L6,nfcorpus,Rerank,0.35344579666402076,0.35787265768495236,0.004426861020931594,-0.0030715101113797313,0.011999428979415803,False,0.39150140570240793,0.1163261115192287,34.45935994941903
MiniLM-L6,arguana,Hybrid,0.5344762694614063,0.5285967901766542,-0.005879479284752076,-0.020312914516308248,0.009297050450472973,False,0.6814799015194419,-0.03999546951622877,33.70983590772303
MiniLM-L6,fiqa,Hybrid,0.3927630642977528,0.39240282867562515,-0.00036023562212766924,-0.012891198918833901,0.012700524225614641,False,0.4751789582472108,-0.00437094842832847,20.47437623787969
mpnet-base,scifact,Hybrid,0.7244645619285212,0.7140831387335421,-0.010381423194979034,-0.024717686118265532,0.003878959299533448,False,0.7817865267337997,-0.1811072462405032,
mpnet-base,nfcorpus,Hybrid,0.3627877465960036,0.36479079983635027,0.002003053240346664,-0.008134795761866435,0.012459342229201323,False,0.40718725647122594,0.04511430972945246,20.874939840002753
mpnet-base,arguana,Hybrid,0.5360392072355387,0.5278199843048905,-0.00821922293064814,-0.021904574863919512,0.005180719577840869,False,0.6902963518293728,-0.05328260776698362,
mpnet-base,fiqa,Dense,0.4926685805790458,0.4894348627262378,-0.00323371785280796,-0.013988792951113741,0.007095784617102514,False,0.5756714884412244,-0.03895909114626871,39.76399938000213
bge-small,scifact,Hybrid,0.7280877735089415,0.7241227910119556,-0.003964982496985847,-0.020139708412771032,0.012418592715471567,False,0.7895879496287027,-0.0644710754854541,30.997084341664824
bge-small,nfcorpus,Hybrid,0.36024662081432113,0.3524903496815846,-0.007756271132736525,-0.017919133409098235,0.000792756729413982,False,0.40184967168739777,-0.18643515246993547,22.33184537999705
bge-small,arguana,Dense,0.6065785652628265,0.6043901983970258,-0.002188366865800706,-0.013883966982901662,0.008917252530543764,False,0.7206777503190607,-0.01917951354974325,20.655139460027385
bge-small,fiqa,Dense,0.391261788248632,0.38811825411245715,-0.0031435341361748526,-0.013814070586662047,0.007674242170423445,False,0.46479011443909607,-0.042752695444637216,30.01887379999971
