model,dataset,alpha_lodo,ndcg_lodo,ndcg_fixed_075,alpha_best,ndcg_best_alpha,ndcg_dense,ndcg_bm25
MiniLM-L6,scifact,0.8,0.7038162354428632,0.7141203689752332,0.6,0.7166974680575616,0.6450816521455774,0.6639464256283998
MiniLM-L6,nfcorpus,0.75,0.3484293594986917,0.3484293594986917,0.7,0.35238235799635603,0.31624465261921014,0.31035645647822885
MiniLM-L6,arguana,0.7,0.5241023292360615,0.5303035281547575,0.8,0.5389029903365251,0.5097642275133483,0.42515093552211236
mpnet-base,scifact,0.8,0.7136867367111144,0.7244645619285212,0.6,0.7267532627355564,0.6411751803771456,0.6639464256283998
mpnet-base,nfcorpus,0.75,0.3627877465960036,0.3627877465960036,0.7,0.36382195457188604,0.3345577924842811,0.31035645647822885
mpnet-base,arguana,0.6,0.5143797966454142,0.5301092108438712,0.8,0.5344829115186074,0.4888585558711801,0.42515093552211236
bge-small,scifact,0.9,0.7128072475209599,0.7280877735089415,0.75,0.7280877735089415,0.7005040179184696,0.6639464256283998
bge-small,nfcorpus,0.8,0.3598324842226804,0.36024662081432113,0.75,0.36024662081432113,0.34339239048777087,0.31035645647822885
bge-small,arguana,0.75,0.5813153346085078,0.5813153346085078,0.9,0.6102724337042759,0.6056701980796309,0.42515093552211236
