dataset,model,alpha,ndcg,recall,mrr
scifact,MiniLM-L6,0.0,0.6639464256283998,0.7807777777777778,0.6319351851851852
scifact,MiniLM-L6,0.1,0.67244763030428,0.7914444444444445,0.6388650793650794
scifact,MiniLM-L6,0.2,0.6867391680579826,0.8147777777777778,0.6513981481481482
scifact,MiniLM-L6,0.3,0.6979260048497189,0.8258888888888888,0.6629417989417989
scifact,MiniLM-L6,0.4,0.7030572170182573,0.8298888888888888,0.669074074074074
scifact,MiniLM-L6,0.5,0.7122963837660584,0.8415555555555555,0.6778253968253968
scifact,MiniLM-L6,0.6,0.7166974680575616,0.8322222222222223,0.6854894179894181
scifact,MiniLM-L6,0.7,0.7160181137423665,0.8405555555555556,0.679297619047619
scifact,MiniLM-L6,0.75,0.7141203689752332,0.8395555555555556,0.6777843915343915
scifact,MiniLM-L6,0.8,0.7038162354428632,0.8212222222222223,0.6696283068783069
scifact,MiniLM-L6,0.9,0.6913245753177031,0.8216666666666667,0.6533849206349206
scifact,MiniLM-L6,1.0,0.6450816521455774,0.7833333333333333,0.6047248677248678
scifact,mpnet-base,0.0,0.6639464256283998,0.7807777777777778,0.6319351851851852
scifact,mpnet-base,0.1,0.673630022988484,0.7947777777777778,0.6393425925925926
scifact,mpnet-base,0.2,0.6870588771883991,0.8114444444444444,0.6522857142857142
scifact,mpnet-base,0.3,0.6967893486401882,0.8258888888888888,0.661866402116402
scifact,mpnet-base,0.4,0.7080240848211952,0.8407222222222223,0.6713425925925925
scifact,mpnet-base,0.5,0.7191889146157363,0.8507222222222223,0.6822328042328042
scifact,mpnet-base,0.6,0.7267532627355564,0.8644444444444446,0.6886124338624338
scifact,mpnet-base,0.7,0.7238878511231276,0.8534444444444443,0.6872103174603175
scifact,mpnet-base,0.75,0.7244645619285212,0.8584444444444443,0.6865158730158729
scifact,mpnet-base,0.8,0.7136867367111144,0.8484444444444444,0.6751812169312169
scifact,mpnet-base,0.9,0.6885956620061348,0.8308888888888888,0.6466732804232803
scifact,mpnet-base,1.0,0.6411751803771456,0.7774444444444445,0.6024246031746032
scifact,bge-small,0.0,0.6639464256283998,0.7807777777777778,0.6319351851851852
scifact,bge-small,0.1,0.6729946455163418,0.7981111111111111,0.6376666666666667
scifact,bge-small,0.2,0.6797210910200646,0.8014444444444444,0.6456574074074073
scifact,bge-small,0.3,0.6888446161557468,0.8147777777777778,0.6554642857142858
scifact,bge-small,0.4,0.7002318402188412,0.8196111111111111,0.6680886243386243
scifact,bge-small,0.5,0.7134423027039088,0.8355555555555556,0.6808068783068784
scifact,bge-small,0.6,0.7186052975878738,0.8578888888888889,0.6794378306878307
scifact,bge-small,0.7,0.7187394399953282,0.8612222222222222,0.6793677248677248
scifact,bge-small,0.75,0.7280877735089415,0.8595555555555556,0.6931957671957673
scifact,bge-small,0.8,0.726985242914601,0.8478888888888889,0.6951679894179894
scifact,bge-small,0.9,0.7128072475209599,0.8262222222222223,0.6840806878306878
scifact,bge-small,1.0,0.7005040179184696,0.8278888888888889,0.6669179894179894
nfcorpus,MiniLM-L6,0.0,0.31035645647822885,0.148392117254893,0.5190095336380166
nfcorpus,MiniLM-L6,0.1,0.32604497973295016,0.15920424709071285,0.5299560174947172
nfcorpus,MiniLM-L6,0.2,0.3319638417776398,0.16141991393488112,0.5317828885940341
nfcorpus,MiniLM-L6,0.3,0.3378373300638899,0.16444319824199707,0.5442785886284338
nfcorpus,MiniLM-L6,0.4,0.34314356790699174,0.16937276506842494,0.5476116762494472
nfcorpus,MiniLM-L6,0.5,0.3461395735775402,0.17029252988447682,0.5512113617376776
nfcorpus,MiniLM-L6,0.6,0.34897436544093613,0.1709354974549452,0.5578873654725047
nfcorpus,MiniLM-L6,0.7,0.35238235799635603,0.1734057262597825,0.5484741264927023
nfcorpus,MiniLM-L6,0.75,0.3484293594986917,0.17294914333835465,0.5412342129834391
nfcorpus,MiniLM-L6,0.8,0.34458924699482646,0.1706881737756682,0.534828492800629
nfcorpus,MiniLM-L6,0.9,0.3299087029419211,0.16395871744152132,0.5175647451963241
nfcorpus,MiniLM-L6,1.0,0.31624465261921014,0.15498797328057845,0.5061059511523908
nfcorpus,mpnet-base,0.0,0.31035645647822885,0.148392117254893,0.5190095336380166
nfcorpus,mpnet-base,0.1,0.3297200232320634,0.16174740944534183,0.5325359968548823
nfcorpus,mpnet-base,0.2,0.33766482877845083,0.16376294607126485,0.544359673694039
nfcorpus,mpnet-base,0.3,0.3428272893835099,0.16693945195233748,0.5458216619981326
nfcorpus,mpnet-base,0.4,0.34958024074287747,0.16971116862195432,0.5488881517519287
nfcorpus,mpnet-base,0.5,0.35565752603597306,0.1739117006674576,0.5614833652759349
nfcorpus,mpnet-base,0.6,0.36265038204788624,0.1807195382495537,0.567779743476338
nfcorpus,mpnet-base,0.7,0.36382195457188604,0.1801719969635167,0.5738930659983291
nfcorpus,mpnet-base,0.75,0.3627877465960036,0.17727239757718452,0.5771536684849378
nfcorpus,mpnet-base,0.8,0.36068312104047445,0.17588271238203262,0.5765725588481007
nfcorpus,mpnet-base,0.9,0.3499930652147013,0.17135505201035903,0.5484458695759006
nfcorpus,mpnet-base,1.0,0.3345577924842811,0.16484932395929203,0.5240060936655364
nfcorpus,bge-small,0.0,0.31035645647822885,0.148392117254893,0.5190095336380166
nfcorpus,bge-small,0.1,0.3292011550529569,0.15958226050343347,0.5385780628040691
nfcorpus,bge-small,0.2,0.3361901653542529,0.15940337058241838,0.5455427785149147
nfcorpus,bge-small,0.3,0.34039083083306393,0.16028205191468975,0.5511192196176716
nfcorpus,bge-small,0.4,0.3482145253072089,0.16615489508091436,0.557313627205268
nfcorpus,bge-small,0.5,0.35318487486401207,0.1675276406350706,0.5619747899159664
nfcorpus,bge-small,0.6,0.3558024144835585,0.16864580473398766,0.5678227431323406
nfcorpus,bge-small,0.7,0.35917985634256844,0.1697999680434108,0.5752260553344144
nfcorpus,bge-small,0.75,0.36024662081432113,0.1701393879975849,0.5725932478254461
nfcorpus,bge-small,0.8,0.3598324842226804,0.17137210725054738,0.5699886972332793
nfcorpus,bge-small,0.9,0.3551853287941907,0.16953619374273635,0.5543183940242765
nfcorpus,bge-small,1.0,0.34339239048777087,0.162817353493182,0.5332571625141285
arguana,MiniLM-L6,0.0,0.42515093552211236,0.718,0.3340968253968254
arguana,MiniLM-L6,0.1,0.4403737595157225,0.752,0.34374126984126985
arguana,MiniLM-L6,0.2,0.4518822261918492,0.774,0.3518928571428572
arguana,MiniLM-L6,0.3,0.47134988439497844,0.798,0.3697579365079365
arguana,MiniLM-L6,0.4,0.48281364000438115,0.814,0.3795373015873016
arguana,MiniLM-L6,0.5,0.4967498644968458,0.826,0.39355396825396827
arguana,MiniLM-L6,0.6,0.5076646665024028,0.834,0.40521111111111113
arguana,MiniLM-L6,0.7,0.5241023292360615,0.852,0.421731746031746
arguana,MiniLM-L6,0.75,0.5303035281547575,0.848,0.43063968253968254
arguana,MiniLM-L6,0.8,0.5389029903365251,0.848,0.44201587301587303
arguana,MiniLM-L6,0.9,0.5309222916924334,0.838,0.4345936507936508
arguana,MiniLM-L6,1.0,0.5097642275133483,0.822,0.4122238095238095
arguana,mpnet-base,0.0,0.42515093552211236,0.718,0.3340968253968254
arguana,mpnet-base,0.1,0.44006103656086215,0.754,0.3428126984126984
arguana,mpnet-base,0.2,0.4558793936737239,0.776,0.3567000000000001
arguana,mpnet-base,0.3,0.4748384050860025,0.802,0.3733595238095238
arguana,mpnet-base,0.4,0.48454199931458397,0.814,0.3821563492063492
arguana,mpnet-base,0.5,0.5004902019202137,0.83,0.39768650793650795
arguana,mpnet-base,0.6,0.5143797966454142,0.854,0.40904841269841274
arguana,mpnet-base,0.7,0.5267817054002503,0.844,0.42810793650793655
arguana,mpnet-base,0.75,0.5301092108438712,0.84,0.43362460317460316
arguana,mpnet-base,0.8,0.5344829115186074,0.84,0.43942539682539683
arguana,mpnet-base,0.9,0.5206708601412705,0.816,0.42879206349206345
arguana,mpnet-base,1.0,0.4888585558711801,0.774,0.40045079365079367
arguana,bge-small,0.0,0.42515093552211236,0.718,0.3340968253968254
arguana,bge-small,0.1,0.4425177114487905,0.752,0.3464246031746031
arguana,bge-small,0.2,0.4591598291151787,0.772,0.3619420634920635
arguana,bge-small,0.3,0.4760066540296183,0.8,0.3750603174603175
arguana,bge-small,0.4,0.49994081764255677,0.832,0.3964865079365079
arguana,bge-small,0.5,0.5200184150797056,0.854,0.4154190476190476
arguana,bge-small,0.6,0.5407458701623076,0.868,0.4375420634920634
arguana,bge-small,0.7,0.5720688876855106,0.868,0.4779857142857143
arguana,bge-small,0.75,0.5813153346085078,0.864,0.49107301587301583
arguana,bge-small,0.8,0.6007499751251038,0.876,0.5131039682539683
arguana,bge-small,0.9,0.6102724337042759,0.87,0.5277277777777778
arguana,bge-small,1.0,0.6056701980796309,0.86,0.5249642857142857
