dataset,model,n,best_fixed,best_fixed_ndcg,oracle_ndcg,honest_oracle_ndcg,oracle_headroom,exploitable_headroom,winner_agreement,winner_agreement_chance,n_clear_winner,rho_difficulty_dense,rho_difficulty_hybrid,rho_difficulty_rerank,rho_gain_hybrid_vs_dense,rho_gain_rerank_vs_dense,rho_gain_rerank_vs_hybrid,honest_minus_best_ci_lo,honest_minus_best_ci_hi
scifact,MiniLM-L6,250,Hybrid,0.719785443128185,0.782611761894047,0.7698134829943092,0.06282631876586198,0.05002803986612414,0.796875,0.37548828125,64,0.9013007283071871,0.9106630599202086,0.9161558043641137,0.6900312623114333,0.7419298812916293,0.76948729545028,0.031688621974793094,0.0686398293927487
scifact,mpnet-base,250,Hybrid,0.7350809259973939,0.7911743374889091,0.7795777220260894,0.056093411491515144,0.044496796028695496,0.8529411764705882,0.3576989619377163,68,0.919122815343165,0.89657165609395,0.9242754660105472,0.7837835863685938,0.8405703505951859,0.7644765494041699,0.029376305450396937,0.06154285996876431
scifact,bge-small,250,Hybrid,0.7294570144117102,0.7933873961020336,0.7862610379039591,0.06393038169032339,0.05680402349224889,0.8857142857142857,0.33918367346938777,70,0.9071085894682547,0.9196055060889394,0.9229802455753866,0.7265167335779155,0.6932952944339169,0.7865423141168355,0.03959183157875723,0.07470816655617266
nfcorpus,MiniLM-L6,111,Rerank,0.3393839837510852,0.38310085165322577,0.37218544495814904,0.04371686790214058,0.03280146120706384,0.8260869565217391,0.3733459357277883,46,0.9398828755307449,0.9444722085994847,0.9224998250843485,0.6757135315118273,0.6053503410861185,0.6501357239068999,0.019359873116040392,0.04660483787102463
nfcorpus,mpnet-base,111,Hybrid,0.35704155508151,0.4083337098088215,0.3948782133552486,0.05129215472731152,0.03783665827373861,0.8611111111111112,0.39969135802469136,36,0.9178387534485113,0.9225577922314827,0.9188800005366429,0.638622051347997,0.6258612098669785,0.6827365693011417,0.02389891388982269,0.05380519318120847
nfcorpus,bge-small,111,Rerank,0.3479469799571831,0.39336907215639844,0.3832029531331486,0.045422092199215336,0.035255973175965516,0.8604651162790697,0.3574905354245538,43,0.9060180640451232,0.931048089555465,0.9148235992062274,0.7699800448667545,0.7097069407799447,0.5718557219855244,0.02178799400367131,0.050759178163073265
arguana,MiniLM-L6,250,Hybrid,0.5297558344443087,0.6951131845420798,0.6794249912071846,0.16535735009777108,0.14966915676287584,0.8962962962962963,0.3736076817558299,135,0.9352583186366796,0.9668098368798861,0.9365048536216926,0.7990670135118599,0.8844235763142262,0.8924368907830115,0.12150885932367639,0.1802831218183757
arguana,mpnet-base,250,Rerank,0.5121793616737265,0.6720687533961839,0.6570642028475644,0.15988939172245742,0.14488484117383793,0.8888888888888888,0.3750314940791131,126,0.9553770117872664,0.9704939154115002,0.9222436990397112,0.9030437284814917,0.8799956500552912,0.8683279970884797,0.11322749030807139,0.1786481076595231
arguana,bge-small,250,Dense,0.5978606935849996,0.7167968177826046,0.7084004664907984,0.11893612419760502,0.11053977290579875,0.9243697478991597,0.3593672763222936,119,0.9572738034177782,0.9601432817554794,0.9238724031969362,0.8707955139894948,0.8882134246721783,0.8780439375003802,0.08693836704568578,0.1360021340000869
