dataset,model,bm25,dense,hybrid_075,best_alpha,rrf_k10,rrf_k60,rrf_k100,rrf60_minus_hybrid,ci_lo,ci_hi
scifact,MiniLM-L6,0.6639464256283998,0.6450816521455774,0.7141203689752332,0.7166974680575616,0.6981067365192163,0.6798665148466708,0.6762495209244292,-0.03425385412856241,-0.05129577523893537,-0.01729960349171699
scifact,mpnet-base,0.6639464256283998,0.6411751803771456,0.7244645619285212,0.7267532627355564,0.6842752931146653,0.6708490904407859,0.6718103247119558,-0.05361547148773527,-0.07447277094007207,-0.033122467108265774
scifact,bge-small,0.6639464256283998,0.7005040179184696,0.7280877735089415,0.7280877735089415,0.7081868128495916,0.6960989398534665,0.6958254315855773,-0.031988833655475,-0.04791819756612972,-0.015665371278235574
nfcorpus,MiniLM-L6,0.31035645647822885,0.31624465261921014,0.3484293594986917,0.35238235799635603,0.3442945462564545,0.33764008791525263,0.3359210101831287,-0.010789271583439064,-0.019708295048509288,-0.0024460582701858182
nfcorpus,mpnet-base,0.31035645647822885,0.3345577924842811,0.3627877465960036,0.36382195457188604,0.3541300780453688,0.3395341258150815,0.33767323253003656,-0.02325362078092208,-0.03259888504020316,-0.014124740289415735
nfcorpus,bge-small,0.31035645647822885,0.34339239048777087,0.36024662081432113,0.36024662081432113,0.3527171260211719,0.343112941495103,0.3427141984424716,-0.01713367931921811,-0.02563670841114487,-0.009124208171712653
arguana,MiniLM-L6,0.42515093552211236,0.5097642275133483,0.5303035281547575,0.5389029903365251,0.5108237435404114,0.5014980864541607,0.4993799008325086,-0.028805441700596734,-0.04360942745979095,-0.014561320709707799
arguana,mpnet-base,0.42515093552211236,0.4888585558711801,0.5301092108438712,0.5344829115186074,0.5254726896459208,0.5152412336842833,0.5160764804794763,-0.014867977159587875,-0.02988324441208587,0.0002562025011227999
arguana,bge-small,0.42515093552211236,0.6056701980796309,0.5813153346085078,0.6102724337042759,0.5577729356147261,0.543837257908841,0.5429747820951124,-0.03747807669966685,-0.05225572966626379,-0.022633513324964674
