question,category,expected_doc,retrieved_docs,retrieved_topics
"Ek report jo generate hone mein bahut time leti hai, uske liye page load hi nahi hota aur error aata hai time khatam hone ka",semantic,doc3 (504 gateway timeout),"['doc22', 'doc53', 'doc12', 'doc20', 'doc10']","['log format customization', 'custom error pages', 'ssl handshake failure', 'error_page directive', 'load balancing least_conn']"
"Ek hi machine par kai websites hosted hain, request ko sahi site tak route karne ka logic kaise kaam karta hai?",semantic,doc6 (server_name directive),"['doc44', 'doc23', 'doc53', 'doc10', 'doc52']","['stub_status module', 'rate limiting limit_req', 'custom error pages', 'load balancing least_conn', 'hsts header']"
Koi bhi HTTP wala link click kare to use automatically secure version par bhej dena hai,semantic,doc13 (http to https redirect),"['doc52', 'doc51', 'doc37', 'doc36', 'doc13']","['hsts header', 'ssl_protocols hardening', 'basic auth setup', 'deny and allow directives', 'http to https redirect']"
User ek document upload karne ki koshish kar raha hai aur server seedha reject kar deta hai bina backend tak pahunche,semantic,doc16 (413 request entity too large),"['doc34', 'doc15', 'doc50', 'doc16', 'doc23']","['403 forbidden troubleshooting', 'client_max_body_size', 'sendfile directive', '413 request entity too large', 'rate limiting limit_req']"
"Server requests ka record kahan store hota hai, aur crashes/warnings alag se kahan likhe jaate hain?",semantic,doc21 (access_log and error_log),"['doc44', 'doc34', 'doc23', 'doc10', 'doc21']","['stub_status module', '403 forbidden troubleshooting', 'rate limiting limit_req', 'load balancing least_conn', 'access_log and error_log']"
"Client connect to ho gaya hai lekin kuch der activity nahi hai, connection kab tak khula rahega?",semantic,doc26 (keepalive_timeout),"['doc12', 'doc24', 'doc44', 'doc34', 'doc36']","['ssl handshake failure', 'connection limiting limit_conn', 'stub_status module', '403 forbidden troubleshooting', 'deny and allow directives']"
"Backend application ko client ka asli IP address pata chalna chahiye, na ki Nginx ka IP",semantic,doc27 (proxy_set_header),"['doc36', 'doc7', 'doc8', 'doc34', 'doc23']","['deny and allow directives', 'listen directive', 'reverse proxy setup', '403 forbidden troubleshooting', 'rate limiting limit_req']"
"The backend's logs show every request coming from the same internal address instead of real visitor IPs, since Nginx sits in front of it — how is that normally fixed?",troubleshooting,doc27 (proxy_set_header),"['doc21', 'doc60', 'doc57', 'doc9', 'doc28']","['access_log and error_log', 'debugging with error_log debug level', 'log rotation', 'load balancing round robin', 'upstream health checks']"
"Backend par baar baar same request bhejne se bachna hai, response ko kuch der ke liye store karna hai",semantic,doc29 (caching with proxy_cache),"['doc23', 'doc15', 'doc34', 'doc10', 'doc12']","['rate limiting limit_req', 'client_max_body_size', '403 forbidden troubleshooting', 'load balancing least_conn', 'ssl handshake failure']"
"File nahi mil raha 404 aa raha hai, lekin file disk par actually maujood hai — path config mein galti lag rahi hai",semantic,doc32 (root vs alias),"['doc33', 'doc34', 'doc40', 'doc19', 'doc31']","['404 not found troubleshooting', '403 forbidden troubleshooting', 'include directive', 'try_files directive', 'index directive']"
"Page load nahi ho rahi, 'not found' error aa raha hai, file toh server par hai",semantic,doc33 (404 not found troubleshooting),"['doc34', 'doc53', 'doc40', 'doc16', 'doc31']","['403 forbidden troubleshooting', 'custom error pages', 'include directive', '413 request entity too large', 'index directive']"
A staging environment shouldn't be indexed or browsed by the public but doesn't need a full login system — what's the lightest-weight way to gate it with Nginx alone?,troubleshooting,doc37 (basic auth setup),"['doc54', 'doc39', 'doc41', 'doc8', 'doc11']","['nginx as static file server', 'variables in nginx', 'sites-available sites-enabled', 'reverse proxy setup', 'ssl_certificate directive']"
"Config change apply karne ke do tareeke hain, ek mein connections drop hoti hain, dusre mein nahi — farak kya hai?",semantic,doc45 (graceful restart vs reload),"['doc4', 'doc24', 'doc10', 'doc48', 'doc1']","['reload configuration', 'connection limiting limit_conn', 'load balancing least_conn', 'upstream keepalive', 'worker_connections']"
"Real-time chat feature use kar raha hai persistent connection, use Nginx ke peeche proxy karna hai",semantic,doc55 (websocket proxying),"['doc44', 'doc48', 'doc26', 'doc39', 'doc43']","['stub_status module', 'upstream keepalive', 'keepalive_timeout', 'variables in nginx', 'http2 support']"
A real-time notifications feature works when hitting the backend directly but breaks once traffic goes through Nginx — what proxy configuration is commonly missing for this kind of connection?,troubleshooting,doc55 (websocket proxying),"['doc3', 'doc48', 'doc49', 'doc28', 'doc55']","['504 gateway timeout', 'upstream keepalive', 'buffering proxy_buffering', 'upstream health checks', 'websocket proxying']"
"Ek specific request kaise process ho raha hai step by step, use bahut detail mein dekhna hai troubleshooting ke liye",semantic,doc60 (debugging with error_log debug level),"['doc12', 'doc21', 'doc34', 'doc16', 'doc44']","['ssl handshake failure', 'access_log and error_log', '403 forbidden troubleshooting', '413 request entity too large', 'stub_status module']"
