model,method,recall@1,recall@3,recall@5,mrr,avg_cost
MiniLM-L6-v2,Always dense,0.7222222222222222,0.8555555555555555,0.9277777777777778,0.8012037037037035,1.0
MiniLM-L6-v2,Always hybrid,0.7611111111111111,0.9111111111111111,0.9333333333333333,0.830648148148148,1.0999999999999996
MiniLM-L6-v2,Always hybrid_rerank,0.7166666666666667,0.8722222222222222,0.9222222222222223,0.8,21.099999999999994
MiniLM-L6-v2,Rule router,0.7611111111111111,0.9111111111111111,0.9333333333333333,0.8315740740740741,4.642777777777778
MiniLM-L6-v2,Learned category router (CV),0.7833333333333333,0.9166666666666666,0.9611111111111111,0.8488888888888889,6.9527777777777775
MiniLM-L6-v2,Oracle,0.8666666666666667,0.9388888888888889,0.9722222222222222,0.9071296296296297,3.3550000000000004
mpnet-base-v2,Always dense,0.7722222222222223,0.8888888888888888,0.9111111111111111,0.8321296296296298,1.0
mpnet-base-v2,Always hybrid,0.7666666666666667,0.9055555555555556,0.9333333333333333,0.8350925925925926,1.0999999999999996
mpnet-base-v2,Always hybrid_rerank,0.7055555555555556,0.8722222222222222,0.9222222222222223,0.7925925925925925,21.099999999999994
mpnet-base-v2,Rule router,0.7666666666666667,0.9055555555555556,0.9333333333333333,0.8350925925925926,4.642777777777778
mpnet-base-v2,Learned category router (CV),0.7666666666666667,0.9,0.95,0.8375925925925926,6.9527777777777775
mpnet-base-v2,Oracle,0.8555555555555555,0.95,0.9555555555555556,0.8995370370370371,2.457222222222222
